"Device UUID","Device Name","Policy Setting","Compliance Status","Policy","Policy Path"
"1d6123e6-4696-48ac-a4f3-838ac46fc8a8","EUCOCTO-2V2DDF1","Disabled","NonCompliant","Accounts: Administrator account status","Computer Configuration/Windows Settings/Security Settings/Local Policies/Security Options"
"a63370ca-5aba-463b-b7a5-8447857e234d","EUCOCTO-U3QOQD9","Disabled","NotAvailable","No auto-restart with logged on users for scheduled automatic updates installations","Computer Configuration/Administrative Templates/Windows Components/Windows Update"
"a63370ca-5aba-463b-b7a5-8447857e234d","EUCOCTO-U3QOQD9","Enabled","NotAvailable","Network security: Minimum session security for NTLM SSP based (including secure RPC) servers","Computer Configuration/Windows Settings/Security Settings/Local Policies/Security Options"
"a63370ca-5aba-463b-b7a5-8447857e234d","EUCOCTO-U3QOQD9","Enabled","NotAvailable","Network security: Minimum session security for NTLM SSP based (including secure RPC) clients","Computer Configuration/Windows Settings/Security Settings/Local Policies/Security Options"
"a63370ca-5aba-463b-b7a5-8447857e234d","EUCOCTO-U3QOQD9","Enabled","NotAvailable","Network security: LDAP client signing requirements","Computer Configuration/Windows Settings/Security Settings/Local Policies/Security Options"
"a63370ca-5aba-463b-b7a5-8447857e234d","EUCOCTO-U3QOQD9","Enabled","NotAvailable","Network security: LAN Manager authentication level","Computer Configuration/Windows Settings/Security Settings/Local Policies/Security Options"
"a63370ca-5aba-463b-b7a5-8447857e234d","EUCOCTO-U3QOQD9","Enabled","NotAvailable","Network security: Force logoff when logon hours expire","Computer Configuration/Windows Settings/Security Settings/Local Policies/Security Options"
"a63370ca-5aba-463b-b7a5-8447857e234d","EUCOCTO-U3QOQD9","Enabled","NotAvailable","Network security: Do not store LAN Manager hash value on next password change","Computer Configuration/Windows Settings/Security Settings/Local Policies/Security Options"
"a63370ca-5aba-463b-b7a5-8447857e234d","EUCOCTO-U3QOQD9","Enabled","NotAvailable","Network security: Configure encryption types allowed for Kerberos","Computer Configuration/Windows Settings/Security Settings/Local Policies/Security Options"
"a63370ca-5aba-463b-b7a5-8447857e234d","EUCOCTO-U3QOQD9","Disabled","NotAvailable","Network Security: Allow PKU2U authentication requests to this computer to use online identities","Computer Configuration/Windows Settings/Security Settings/Local Policies/Security Options"
"a63370ca-5aba-463b-b7a5-8447857e234d","EUCOCTO-U3QOQD9","Disabled","NotAvailable","Network security: Allow LocalSystem NULL session fallback","Computer Configuration/Windows Settings/Security Settings/Local Policies/Security Options"
"a63370ca-5aba-463b-b7a5-8447857e234d","EUCOCTO-U3QOQD9","Enabled","NotAvailable","Network security: Allow Local System to use computer identity for NTLM","Computer Configuration/Windows Settings/Security Settings/Local Policies/Security Options"
"a63370ca-5aba-463b-b7a5-8447857e234d","EUCOCTO-U3QOQD9","Enabled","NotAvailable","Network access: Sharing and security model for local accounts","Computer Configuration/Windows Settings/Security Settings/Local Policies/Security Options"
"a63370ca-5aba-463b-b7a5-8447857e234d","EUCOCTO-U3QOQD9","Enabled","NotAvailable","Network access: Shares that can be accessed anonymously","Computer Configuration/Windows Settings/Security Settings/Local Policies/Security Options"
"a63370ca-5aba-463b-b7a5-8447857e234d","EUCOCTO-U3QOQD9","Enabled","NotAvailable","Network access: Restrict clients allowed to make remote calls to SAM","Computer Configuration/Windows Settings/Security Settings/Local Policies/Security Options"
"a63370ca-5aba-463b-b7a5-8447857e234d","EUCOCTO-U3QOQD9","Enabled","NotAvailable","Network access: Restrict anonymous access to Named Pipes and Shares","Computer Configuration/Windows Settings/Security Settings/Local Policies/Security Options"
"a63370ca-5aba-463b-b7a5-8447857e234d","EUCOCTO-U3QOQD9","Enabled","NotAvailable","Notify antivirus programs when opening attachments","User Configuration/Administrative Templates/Windows Components/Attachment Manager"
"a63370ca-5aba-463b-b7a5-8447857e234d","EUCOCTO-U3QOQD9","Enabled","NotAvailable","Network access: Remotely accessible registry paths and sub-paths","Computer Configuration/Windows Settings/Security Settings/Local Policies/Security Options"
"a63370ca-5aba-463b-b7a5-8447857e234d","EUCOCTO-U3QOQD9","Enabled","NotAvailable","Only display the private store within the Microsoft Store","Computer Configuration/Administrative Templates/Windows Components/Store"
"a63370ca-5aba-463b-b7a5-8447857e234d","EUCOCTO-U3QOQD9","Enabled","NotAvailable","Password must meet complexity requirements","Computer Configuration/Windows Settings/Security Settings/Account Policies/Password Policy"
"a63370ca-5aba-463b-b7a5-8447857e234d","EUCOCTO-U3QOQD9","Enabled","NotAvailable","Prevent users from sharing files within their profile.","User Configuration/Administrative Templates/Windows Components/Network Sharing"
"a63370ca-5aba-463b-b7a5-8447857e234d","EUCOCTO-U3QOQD9","Enabled","NotAvailable","Prevent users from modifying settings","Computer Configuration/Administrative Templates/Windows Components/Windows Security/App and browser protection"
"a63370ca-5aba-463b-b7a5-8447857e234d","EUCOCTO-U3QOQD9","Enabled","NotAvailable","Prevent users and apps from accessing dangerous websites","Computer Configuration/Administrative Templates/Windows Components/Windows Defender Antivirus/Windows Defender Exploit Guard/Network Protection"
"a63370ca-5aba-463b-b7a5-8447857e234d","EUCOCTO-U3QOQD9","Enabled","NotAvailable","Prevent the use of security questions for local accounts","Computer Configuration/Administrative Templates/Windows Components/Credential User Interface"
"a63370ca-5aba-463b-b7a5-8447857e234d","EUCOCTO-U3QOQD9","Enabled","NotAvailable","Prevent the usage of OneDrive for file storage","Computer Configuration/Administrative Templates/Windows Components/OneDrive"
"a63370ca-5aba-463b-b7a5-8447857e234d","EUCOCTO-U3QOQD9","Enabled","NotAvailable","Prevent the computer from joining a homegroup","Computer Configuration/Administrative Templates/Windows Components/HomeGroup"
"a63370ca-5aba-463b-b7a5-8447857e234d","EUCOCTO-U3QOQD9","Enabled","NotAvailable","Prevent enabling lock screen slide show","Computer Configuration/Administrative Templates/Control Panel/Personalization"
"a63370ca-5aba-463b-b7a5-8447857e234d","EUCOCTO-U3QOQD9","Enabled","NotAvailable","Prevent enabling lock screen camera","Computer Configuration/Administrative Templates/Control Panel/Personalization"
"a63370ca-5aba-463b-b7a5-8447857e234d","EUCOCTO-U3QOQD9","Enabled","NotAvailable","Prevent downloading of enclosures","Computer Configuration/Administrative Templates/Windows Components/RSS Feeds"
"a63370ca-5aba-463b-b7a5-8447857e234d","EUCOCTO-U3QOQD9","Enabled","NotAvailable","Prevent certificate error overrides","Computer Configuration/Administrative Templates/Windows Components/Microsoft Edge"
"a63370ca-5aba-463b-b7a5-8447857e234d","EUCOCTO-U3QOQD9","Enabled","NotAvailable","Prevent bypassing Windows Defender SmartScreen prompts for sites","Computer Configuration/Administrative Templates/Windows Components/Windows Defender SmartScreen/Microsoft Edge"
"a63370ca-5aba-463b-b7a5-8447857e234d","EUCOCTO-U3QOQD9","Enabled","NotAvailable","Prevent bypassing Windows Defender SmartScreen prompts for files","Computer Configuration/Administrative Templates/Windows Components/Microsoft Edge"
"a63370ca-5aba-463b-b7a5-8447857e234d","EUCOCTO-U3QOQD9","Enabled","NotAvailable","Perform volume maintenance tasks","Computer Configuration/Windows Settings/Security Settings/Local Policies/User Rights Assignment"
"a63370ca-5aba-463b-b7a5-8447857e234d","EUCOCTO-U3QOQD9","Enabled","NotAvailable","Password Settings","Computer Configuration/Administrative Templates/LAPS"
"a63370ca-5aba-463b-b7a5-8447857e234d","EUCOCTO-U3QOQD9","Enabled","NotAvailable","Password protect the screen saver","User Configuration/Administrative Templates/Control Panel/Personalization"
"a63370ca-5aba-463b-b7a5-8447857e234d","EUCOCTO-U3QOQD9","Enabled","NotAvailable","OpenSSH SSH Server (sshd)","Computer Configuration/Windows Settings/Security Settings/System Services"
"a63370ca-5aba-463b-b7a5-8447857e234d","EUCOCTO-U3QOQD9","Enabled","NotAvailable","Profile single process","Computer Configuration/Windows Settings/Security Settings/Local Policies/User Rights Assignment"
"a63370ca-5aba-463b-b7a5-8447857e234d","EUCOCTO-U3QOQD9","Enabled","NotAvailable","Network access: Remotely accessible registry paths","Computer Configuration/Windows Settings/Security Settings/Local Policies/Security Options"
"a63370ca-5aba-463b-b7a5-8447857e234d","EUCOCTO-U3QOQD9","Disabled","NotAvailable","Network access: Let Everyone permissions apply to anonymous users","Computer Configuration/Windows Settings/Security Settings/Local Policies/Security Options"
"a63370ca-5aba-463b-b7a5-8447857e234d","EUCOCTO-U3QOQD9","Enabled","NotAvailable","Microsoft network server: Disconnect clients when logon hours expire","Computer Configuration/Windows Settings/Security Settings/Local Policies/Security Options"
"a63370ca-5aba-463b-b7a5-8447857e234d","EUCOCTO-U3QOQD9","Enabled","NotAvailable","Microsoft network server: Digitally sign communications (if client agrees)","Computer Configuration/Windows Settings/Security Settings/Local Policies/Security Options"
"a63370ca-5aba-463b-b7a5-8447857e234d","EUCOCTO-U3QOQD9","Enabled","NotAvailable","Microsoft network server: Digitally sign communications (always)","Computer Configuration/Windows Settings/Security Settings/Local Policies/Security Options"
"a63370ca-5aba-463b-b7a5-8447857e234d","EUCOCTO-U3QOQD9","Enabled","NotAvailable","Microsoft network server: Amount of idle time required before suspending session","Computer Configuration/Windows Settings/Security Settings/Local Policies/Security Options"
"a63370ca-5aba-463b-b7a5-8447857e234d","EUCOCTO-U3QOQD9","Disabled","NotAvailable","Microsoft network client: Send unencrypted password to third-party SMB servers","Computer Configuration/Windows Settings/Security Settings/Local Policies/Security Options"
"a63370ca-5aba-463b-b7a5-8447857e234d","EUCOCTO-U3QOQD9","Enabled","NotAvailable","Microsoft network client: Digitally sign communications (if server agrees)","Computer Configuration/Windows Settings/Security Settings/Local Policies/Security Options"
"a63370ca-5aba-463b-b7a5-8447857e234d","EUCOCTO-U3QOQD9","Enabled","NotAvailable","Microsoft network client: Digitally sign communications (always)","Computer Configuration/Windows Settings/Security Settings/Local Policies/Security Options"
"a63370ca-5aba-463b-b7a5-8447857e234d","EUCOCTO-U3QOQD9","Enabled","NotAvailable","Microsoft FTP Service (FTPSVC)","Computer Configuration/Windows Settings/Security Settings/System Services"
"a63370ca-5aba-463b-b7a5-8447857e234d","EUCOCTO-U3QOQD9","Enabled","NotAvailable","Maximum password age","Computer Configuration/Windows Settings/Security Settings/Account Policies/Password Policy"
"a63370ca-5aba-463b-b7a5-8447857e234d","EUCOCTO-U3QOQD9","Enabled","NotAvailable","Manage preview builds","Computer Configuration/Administrative Templates/Windows Components/Windows Update/Windows Update for Business"
"a63370ca-5aba-463b-b7a5-8447857e234d","EUCOCTO-U3QOQD9","Enabled","NotAvailable","Manage auditing and security log","Computer Configuration/Windows Settings/Security Settings/Local Policies/User Rights Assignment"
"a63370ca-5aba-463b-b7a5-8447857e234d","EUCOCTO-U3QOQD9","Enabled","NotAvailable","LxssManager (LxssManager)","Computer Configuration/Windows Settings/Security Settings/System Services"
"a63370ca-5aba-463b-b7a5-8447857e234d","EUCOCTO-U3QOQD9","Enabled","NotAvailable","Lock pages in memory","Computer Configuration/Windows Settings/Security Settings/Local Policies/User Rights Assignment"
"a63370ca-5aba-463b-b7a5-8447857e234d","EUCOCTO-U3QOQD9","Enabled","NotAvailable","Load and unload device drivers","Computer Configuration/Windows Settings/Security Settings/Local Policies/User Rights Assignment"
"a63370ca-5aba-463b-b7a5-8447857e234d","EUCOCTO-U3QOQD9","Enabled","NotAvailable","Let Windows apps activate with voice while the system is locked","Computer Configuration/Administrative Templates/Windows Components/App Privacy"
"a63370ca-5aba-463b-b7a5-8447857e234d","EUCOCTO-U3QOQD9","Enabled","NotAvailable","Microsoft network server: Server SPN target name validation level","Computer Configuration/Windows Settings/Security Settings/Local Policies/Security Options"
"a63370ca-5aba-463b-b7a5-8447857e234d","EUCOCTO-U3QOQD9","Enabled","NotAvailable","Network access: Named Pipes that can be accessed anonymously","Computer Configuration/Windows Settings/Security Settings/Local Policies/Security Options"
"a63370ca-5aba-463b-b7a5-8447857e234d","EUCOCTO-U3QOQD9","Enabled","NotAvailable","Minimize the number of simultaneous connections to the Internet or a Windows Domain","Computer Configuration/Administrative Templates/Network/Windows Connection Manager"
"a63370ca-5aba-463b-b7a5-8447857e234d","EUCOCTO-U3QOQD9","Enabled","NotAvailable","Minimum password length","Computer Configuration/Windows Settings/Security Settings/Account Policies/Password Policy"
"a63370ca-5aba-463b-b7a5-8447857e234d","EUCOCTO-U3QOQD9","Enabled","NotAvailable","Network access: Do not allow storage of passwords and credentials for network authentication","Computer Configuration/Windows Settings/Security Settings/Local Policies/Security Options"
"a63370ca-5aba-463b-b7a5-8447857e234d","EUCOCTO-U3QOQD9","Enabled","NotAvailable","Network access: Do not allow anonymous enumeration of SAM accounts and shares","Computer Configuration/Windows Settings/Security Settings/Local Policies/Security Options"
"a63370ca-5aba-463b-b7a5-8447857e234d","EUCOCTO-U3QOQD9","Enabled","NotAvailable","Network access: Do not allow anonymous enumeration of SAM accounts","Computer Configuration/Windows Settings/Security Settings/Local Policies/Security Options"
"a63370ca-5aba-463b-b7a5-8447857e234d","EUCOCTO-U3QOQD9","Disabled","NotAvailable","Network access: Allow anonymous SID/Name translation","Computer Configuration/Windows Settings/Security Settings/Local Policies/Security Options"
"a63370ca-5aba-463b-b7a5-8447857e234d","EUCOCTO-U3QOQD9","Enabled","NotAvailable","NetBIOS Node Type","Computer Configuration/Administrative Templates/Network/DNS Client"
"a63370ca-5aba-463b-b7a5-8447857e234d","EUCOCTO-U3QOQD9","Enabled","NotAvailable","MSS: (WarningLevel) Percentage threshold for the security event log at which the system will generate a warning","Computer Configuration/Administrative Templates/MSS (Legacy)"
"a63370ca-5aba-463b-b7a5-8447857e234d","EUCOCTO-U3QOQD9","Enabled","NotAvailable","MSS: (ScreenSaverGracePeriod) The time in seconds before the screen saver grace period expires (0 recommended)","Computer Configuration/Administrative Templates/MSS (Legacy)"
"a63370ca-5aba-463b-b7a5-8447857e234d","EUCOCTO-U3QOQD9","Enabled","NotAvailable","MSS: (SafeDllSearchMode) Enable Safe DLL search mode (recommended)","Computer Configuration/Administrative Templates/MSS (Legacy)"
"a63370ca-5aba-463b-b7a5-8447857e234d","EUCOCTO-U3QOQD9","Enabled","NotAvailable","MSS: (NoNameReleaseOnDemand) Allow the computer to ignore NetBIOS name release requests except from WINS servers","Computer Configuration/Administrative Templates/MSS (Legacy)"
"a63370ca-5aba-463b-b7a5-8447857e234d","EUCOCTO-U3QOQD9","Disabled","NotAvailable","MSS: (EnableICMPRedirect) Allow ICMP redirects to override OSPF generated routes","Computer Configuration/Administrative Templates/MSS (Legacy)"
"a63370ca-5aba-463b-b7a5-8447857e234d","EUCOCTO-U3QOQD9","Enabled","NotAvailable","MSS: (DisableIPSourceRouting) IP source routing protection level (protects against packet spoofing)","Computer Configuration/Administrative Templates/MSS (Legacy)"
"a63370ca-5aba-463b-b7a5-8447857e234d","EUCOCTO-U3QOQD9","Enabled","NotAvailable","MSS: (DisableIPSourceRouting IPv6) IP source routing protection level (protects against packet spoofing)","Computer Configuration/Administrative Templates/MSS (Legacy)"
"a63370ca-5aba-463b-b7a5-8447857e234d","EUCOCTO-U3QOQD9","Disabled","NotAvailable","MSS: (AutoAdminLogon) Enable Automatic Logon (not recommended)","Computer Configuration/Administrative Templates/MSS (Legacy)"
"a63370ca-5aba-463b-b7a5-8447857e234d","EUCOCTO-U3QOQD9","Enabled","NotAvailable","Modify firmware environment values","Computer Configuration/Windows Settings/Security Settings/Local Policies/User Rights Assignment"
"a63370ca-5aba-463b-b7a5-8447857e234d","EUCOCTO-U3QOQD9","Enabled","NotAvailable","Modify an object label","Computer Configuration/Windows Settings/Security Settings/Local Policies/User Rights Assignment"
"a63370ca-5aba-463b-b7a5-8447857e234d","EUCOCTO-U3QOQD9","Enabled","NotAvailable","Minimum password age","Computer Configuration/Windows Settings/Security Settings/Account Policies/Password Policy"
"a63370ca-5aba-463b-b7a5-8447857e234d","EUCOCTO-U3QOQD9","Enabled","NotAvailable","Profile system performance","Computer Configuration/Windows Settings/Security Settings/Local Policies/User Rights Assignment"
"a63370ca-5aba-463b-b7a5-8447857e234d","EUCOCTO-U3QOQD9","Enabled","NotAvailable","Prohibit connection to non-domain networks when connected to domain authenticated network","Computer Configuration/Administrative Templates/Network/Windows Connection Manager"
"a63370ca-5aba-463b-b7a5-8447857e234d","EUCOCTO-U3QOQD9","Enabled","NotAvailable","Prohibit installation and configuration of Network Bridge on your DNS domain network","Computer Configuration/Administrative Templates/Network/Network Connections"
"a63370ca-5aba-463b-b7a5-8447857e234d","EUCOCTO-U3QOQD9","Enabled","NotAvailable","Turn on e-mail scanning","Computer Configuration/Administrative Templates/Windows Components/Windows Defender Antivirus/Scan"
"a63370ca-5aba-463b-b7a5-8447857e234d","EUCOCTO-U3QOQD9","Disabled","NotAvailable","Turn on convenience PIN sign-in","Computer Configuration/Administrative Templates/System/Logon"
"a63370ca-5aba-463b-b7a5-8447857e234d","EUCOCTO-U3QOQD9","Enabled","NotAvailable","Turn on behavior monitoring","Computer Configuration/Administrative Templates/Windows Components/Windows Defender Antivirus/Real-time Protection"
"a63370ca-5aba-463b-b7a5-8447857e234d","EUCOCTO-U3QOQD9","Disabled","NotAvailable","Turn off Windows Defender Antivirus","Computer Configuration/Administrative Templates/Windows Components/Windows Defender Antivirus"
"a63370ca-5aba-463b-b7a5-8447857e234d","EUCOCTO-U3QOQD9","Enabled","NotAvailable","Turn off toast notifications on the lock screen","User Configuration/Administrative Templates/Start Menu and Taskbar/Notifications"
"a63370ca-5aba-463b-b7a5-8447857e234d","EUCOCTO-U3QOQD9","Enabled","NotAvailable","Turn off the offer to update to the latest version of Windows","Computer Configuration/Administrative Templates/Windows Components/Store"
"a63370ca-5aba-463b-b7a5-8447857e234d","EUCOCTO-U3QOQD9","Disabled","NotAvailable","Turn off shell protocol protected mode","Computer Configuration/Administrative Templates/Windows Components/File Explorer"
"a63370ca-5aba-463b-b7a5-8447857e234d","EUCOCTO-U3QOQD9","Enabled","NotAvailable","Turn off picture password sign-in","Computer Configuration/Administrative Templates/System/Logon"
"a63370ca-5aba-463b-b7a5-8447857e234d","EUCOCTO-U3QOQD9","Enabled","NotAvailable","Turn off multicast name resolution","Computer Configuration/Administrative Templates/Network/DNS Client"
"a63370ca-5aba-463b-b7a5-8447857e234d","EUCOCTO-U3QOQD9","Enabled","NotAvailable","Turn off Microsoft consumer experiences","Computer Configuration/Administrative Templates/Windows Components/Cloud Content"
"a63370ca-5aba-463b-b7a5-8447857e234d","EUCOCTO-U3QOQD9","Enabled","NotAvailable","Turn off Internet download for Web publishing and online ordering wizards","Computer Configuration/Administrative Templates/System/Internet Communication Management/Internet Communication settings"
"a63370ca-5aba-463b-b7a5-8447857e234d","EUCOCTO-U3QOQD9","Disabled","NotAvailable","Turn off heap termination on corruption","Computer Configuration/Administrative Templates/Windows Components/File Explorer"
"a63370ca-5aba-463b-b7a5-8447857e234d","EUCOCTO-U3QOQD9","Enabled","NotAvailable","Turn off downloading of print drivers over HTTP","Computer Configuration/Administrative Templates/System/Internet Communication Management/Internet Communication settings"
"a63370ca-5aba-463b-b7a5-8447857e234d","EUCOCTO-U3QOQD9","Disabled","NotAvailable","Turn off Data Execution Prevention for Explorer","Computer Configuration/Administrative Templates/Windows Components/File Explorer"
"a63370ca-5aba-463b-b7a5-8447857e234d","EUCOCTO-U3QOQD9","Disabled","NotAvailable","Turn off background refresh of Group Policy","Computer Configuration/Administrative Templates/System/Group Policy"
"a63370ca-5aba-463b-b7a5-8447857e234d","EUCOCTO-U3QOQD9","Disabled","NotAvailable","Turn on PowerShell Script Block Logging","Computer Configuration/Administrative Templates/Windows Components/Windows PowerShell"
"a63370ca-5aba-463b-b7a5-8447857e234d","EUCOCTO-U3QOQD9","Enabled","NotAvailable","Turn off Autoplay","Computer Configuration/Administrative Templates/Windows Components/AutoPlay Policies"
"a63370ca-5aba-463b-b7a5-8447857e234d","EUCOCTO-U3QOQD9","Disabled","NotAvailable","Turn on PowerShell Transcription","Computer Configuration/Administrative Templates/Windows Components/Windows PowerShell"
"a63370ca-5aba-463b-b7a5-8447857e234d","EUCOCTO-U3QOQD9","Enabled","NotAvailable","User Account Control: Admin Approval Mode for the Built-in Administrator account","Computer Configuration/Windows Settings/Security Settings/Local Policies/Security Options"
"a63370ca-5aba-463b-b7a5-8447857e234d","EUCOCTO-U3QOQD9","Enabled","NotAvailable","Xbox Live Auth Manager (XblAuthManager)","Computer Configuration/Windows Settings/Security Settings/System Services"
"a63370ca-5aba-463b-b7a5-8447857e234d","EUCOCTO-U3QOQD9","Enabled","NotAvailable","Xbox Accessory Management Service (XboxGipSvc)","Computer Configuration/Windows Settings/Security Settings/System Services"
"a63370ca-5aba-463b-b7a5-8447857e234d","EUCOCTO-U3QOQD9","Enabled","NotAvailable","World Wide Web Publishing Service (W3SVC)","Computer Configuration/Windows Settings/Security Settings/System Services"
"a63370ca-5aba-463b-b7a5-8447857e234d","EUCOCTO-U3QOQD9","Enabled","NotAvailable","Windows Mobile Hotspot Service (icssvc)","Computer Configuration/Windows Settings/Security Settings/System Services"
"a63370ca-5aba-463b-b7a5-8447857e234d","EUCOCTO-U3QOQD9","Enabled","NotAvailable","Windows Media Player Network Sharing Service (WMPNetworkSvc)","Computer Configuration/Windows Settings/Security Settings/System Services"
"a63370ca-5aba-463b-b7a5-8447857e234d","EUCOCTO-U3QOQD9","Enabled","NotAvailable","Windows Defender Firewall with Advanced Security - Local Group Policy Object","Computer Configuration/Windows Settings/Security Settings/Windows Defender Firewall with Advanced Security"
"a63370ca-5aba-463b-b7a5-8447857e234d","EUCOCTO-U3QOQD9","Enabled","NotAvailable","Web Management Service (WMSvc)","Computer Configuration/Windows Settings/Security Settings/System Services"
"a63370ca-5aba-463b-b7a5-8447857e234d","EUCOCTO-U3QOQD9","Disabled","NotAvailable","WDigest Authentication (disabling may require KB2871997)","Computer Configuration/Administrative Templates/MS Security Guide"
"a63370ca-5aba-463b-b7a5-8447857e234d","EUCOCTO-U3QOQD9","Enabled","NotAvailable","User Account Control: Virtualize file and registry write failures to per-user locations","Computer Configuration/Windows Settings/Security Settings/Local Policies/Security Options"
"a63370ca-5aba-463b-b7a5-8447857e234d","EUCOCTO-U3QOQD9","Enabled","NotAvailable","User Account Control: Switch to the secure desktop when prompting for elevation","Computer Configuration/Windows Settings/Security Settings/Local Policies/Security Options"
"a63370ca-5aba-463b-b7a5-8447857e234d","EUCOCTO-U3QOQD9","Enabled","NotAvailable","User Account Control: Run all administrators in Admin Approval Mode","Computer Configuration/Windows Settings/Security Settings/Local Policies/Security Options"
"a63370ca-5aba-463b-b7a5-8447857e234d","EUCOCTO-U3QOQD9","Enabled","NotAvailable","User Account Control: Only elevate UIAccess applications that are installed in secure locations","Computer Configuration/Windows Settings/Security Settings/Local Policies/Security Options"
"a63370ca-5aba-463b-b7a5-8447857e234d","EUCOCTO-U3QOQD9","Enabled","NotAvailable","User Account Control: Detect application installations and prompt for elevation","Computer Configuration/Windows Settings/Security Settings/Local Policies/Security Options"
"a63370ca-5aba-463b-b7a5-8447857e234d","EUCOCTO-U3QOQD9","Enabled","NotAvailable","User Account Control: Behavior of the elevation prompt for standard users","Computer Configuration/Windows Settings/Security Settings/Local Policies/Security Options"
"a63370ca-5aba-463b-b7a5-8447857e234d","EUCOCTO-U3QOQD9","Enabled","NotAvailable","User Account Control: Behavior of the elevation prompt for administrators in Admin Approval Mode","Computer Configuration/Windows Settings/Security Settings/Local Policies/Security Options"
"a63370ca-5aba-463b-b7a5-8447857e234d","EUCOCTO-U3QOQD9","Enabled","NotAvailable","UPnP Device Host (upnphost)","Computer Configuration/Windows Settings/Security Settings/System Services"
"a63370ca-5aba-463b-b7a5-8447857e234d","EUCOCTO-U3QOQD9","Disabled","NotAvailable","Turn off Automatic Download and Install of updates","Computer Configuration/Administrative Templates/Windows Components/Store"
"a63370ca-5aba-463b-b7a5-8447857e234d","EUCOCTO-U3QOQD9","Enabled","NotAvailable","Turn off app notifications on the lock screen","Computer Configuration/Administrative Templates/System/Logon"
"a63370ca-5aba-463b-b7a5-8447857e234d","EUCOCTO-U3QOQD9","Disabled","NotAvailable","Toggle user control over Insider builds","Computer Configuration/Administrative Templates/Windows Components/Data Collection and Preview Builds"
"a63370ca-5aba-463b-b7a5-8447857e234d","EUCOCTO-U3QOQD9","Enabled","NotAvailable","Restore files and directories","Computer Configuration/Windows Settings/Security Settings/Local Policies/User Rights Assignment"
"a63370ca-5aba-463b-b7a5-8447857e234d","EUCOCTO-U3QOQD9","Enabled","NotAvailable","Reset account lockout counter after","Computer Configuration/Windows Settings/Security Settings/Account Policies/Account Lockout Policy"
"a63370ca-5aba-463b-b7a5-8447857e234d","EUCOCTO-U3QOQD9","Enabled","NotAvailable","Require user authentication for remote connections by using Network Level Authentication","Computer Configuration/Administrative Templates/Windows Components/Remote Desktop Services/Remote Desktop Session Host/Security"
"a63370ca-5aba-463b-b7a5-8447857e234d","EUCOCTO-U3QOQD9","Enabled","NotAvailable","Require use of specific security layer for remote (RDP) connections","Computer Configuration/Administrative Templates/Windows Components/Remote Desktop Services/Remote Desktop Session Host/Security"
"a63370ca-5aba-463b-b7a5-8447857e234d","EUCOCTO-U3QOQD9","Enabled","NotAvailable","Require secure RPC communication","Computer Configuration/Administrative Templates/Windows Components/Remote Desktop Services/Remote Desktop Session Host/Security"
"a63370ca-5aba-463b-b7a5-8447857e234d","EUCOCTO-U3QOQD9","Enabled","NotAvailable","Require pin for pairing","Computer Configuration/Administrative Templates/Windows Components/Connect"
"a63370ca-5aba-463b-b7a5-8447857e234d","EUCOCTO-U3QOQD9","Enabled","NotAvailable","Require domain users to elevate when setting a network's location","Computer Configuration/Administrative Templates/Network/Network Connections"
"a63370ca-5aba-463b-b7a5-8447857e234d","EUCOCTO-U3QOQD9","Enabled","NotAvailable","Require a password when a computer wakes (plugged in)","Computer Configuration/Administrative Templates/System/Power Management/Sleep Settings"
"a63370ca-5aba-463b-b7a5-8447857e234d","EUCOCTO-U3QOQD9","Enabled","NotAvailable","Require a password when a computer wakes (on battery)","Computer Configuration/Administrative Templates/System/Power Management/Sleep Settings"
"a63370ca-5aba-463b-b7a5-8447857e234d","EUCOCTO-U3QOQD9","Enabled","NotAvailable","Replace a process level token","Computer Configuration/Windows Settings/Security Settings/Local Policies/User Rights Assignment"
"a63370ca-5aba-463b-b7a5-8447857e234d","EUCOCTO-U3QOQD9","Enabled","NotAvailable","Remove Recycle Bin icon from desktop","User Configuration/Administrative Templates/Desktop"
"a63370ca-5aba-463b-b7a5-8447857e234d","EUCOCTO-U3QOQD9","Enabled","NotAvailable","Remove access to ""Pause updates"" feature","Computer Configuration/Administrative Templates/Windows Components/Windows Update"
"a63370ca-5aba-463b-b7a5-8447857e234d","EUCOCTO-U3QOQD9","Enabled","NotAvailable","Remote Procedure Call (RPC) Locator (RpcLocator)","Computer Configuration/Windows Settings/Security Settings/System Services"
"a63370ca-5aba-463b-b7a5-8447857e234d","EUCOCTO-U3QOQD9","Enabled","NotAvailable","Remote host allows delegation of non-exportable credentials","Computer Configuration/Administrative Templates/System/Credentials Delegation"
"a63370ca-5aba-463b-b7a5-8447857e234d","EUCOCTO-U3QOQD9","Enabled","NotAvailable","Prohibit use of Internet Connection Sharing on your DNS domain network","Computer Configuration/Administrative Templates/Network/Network Connections"
"a63370ca-5aba-463b-b7a5-8447857e234d","EUCOCTO-U3QOQD9","Enabled","NotAvailable","Restrict Unauthenticated RPC clients","Computer Configuration/Administrative Templates/System/Remote Procedure Call"
"a63370ca-5aba-463b-b7a5-8447857e234d","EUCOCTO-U3QOQD9","Enabled","NotAvailable","Routing and Remote Access (RemoteAccess)","Computer Configuration/Windows Settings/Security Settings/System Services"
"a63370ca-5aba-463b-b7a5-8447857e234d","EUCOCTO-U3QOQD9","Enabled","NotAvailable","Scan removable drives","Computer Configuration/Administrative Templates/Windows Components/Windows Defender Antivirus/Scan"
"a63370ca-5aba-463b-b7a5-8447857e234d","EUCOCTO-U3QOQD9","Enabled","NotAvailable","Screen saver timeout","User Configuration/Administrative Templates/Control Panel/Personalization"
"a63370ca-5aba-463b-b7a5-8447857e234d","EUCOCTO-U3QOQD9","Enabled","NotAvailable","Take ownership of files or other objects","Computer Configuration/Windows Settings/Security Settings/Local Policies/User Rights Assignment"
"a63370ca-5aba-463b-b7a5-8447857e234d","EUCOCTO-U3QOQD9","Enabled","NotAvailable","System objects: Strengthen default permissions of internal system objects (e.g. Symbolic Links)","Computer Configuration/Windows Settings/Security Settings/Local Policies/Security Options"
"a63370ca-5aba-463b-b7a5-8447857e234d","EUCOCTO-U3QOQD9","Enabled","NotAvailable","System objects: Require case insensitivity for non-Windows subsystems","Computer Configuration/Windows Settings/Security Settings/Local Policies/Security Options"
"a63370ca-5aba-463b-b7a5-8447857e234d","EUCOCTO-U3QOQD9","Disabled","NotAvailable","Store passwords using reversible encryption","Computer Configuration/Windows Settings/Security Settings/Account Policies/Password Policy"
"a63370ca-5aba-463b-b7a5-8447857e234d","EUCOCTO-U3QOQD9","Enabled","NotAvailable","SSDP Discovery (SSDPSRV)","Computer Configuration/Windows Settings/Security Settings/System Services"
"a63370ca-5aba-463b-b7a5-8447857e234d","EUCOCTO-U3QOQD9","Enabled","NotAvailable","Specify the maximum log file size (KB)","Computer Configuration/Administrative Templates/Windows Components/Event Log Service/System"
"a63370ca-5aba-463b-b7a5-8447857e234d","EUCOCTO-U3QOQD9","Enabled","NotAvailable","Specify the maximum log file size (KB)","Computer Configuration/Administrative Templates/Windows Components/Event Log Service/Setup"
"a63370ca-5aba-463b-b7a5-8447857e234d","EUCOCTO-U3QOQD9","Enabled","NotAvailable","Internet Connection Sharing (ICS) (SharedAccess)","Computer Configuration/Windows Settings/Security Settings/System Services"
"a63370ca-5aba-463b-b7a5-8447857e234d","EUCOCTO-U3QOQD9","Enabled","NotAvailable","Specify the maximum log file size (KB)","Computer Configuration/Administrative Templates/Windows Components/Event Log Service/Security"
"a63370ca-5aba-463b-b7a5-8447857e234d","EUCOCTO-U3QOQD9","Enabled","NotAvailable","Simple TCP//IP Services (simptcp)","Computer Configuration/Windows Settings/Security Settings/System Services"
"a63370ca-5aba-463b-b7a5-8447857e234d","EUCOCTO-U3QOQD9","Disabled","NotAvailable","Sign-in and lock last interactive user automatically after a restart","Computer Configuration/Administrative Templates/Windows Components/Windows Logon Options"
"a63370ca-5aba-463b-b7a5-8447857e234d","EUCOCTO-U3QOQD9","Enabled","NotAvailable","Shut down the system","Computer Configuration/Windows Settings/Security Settings/Local Policies/User Rights Assignment"
"a63370ca-5aba-463b-b7a5-8447857e234d","EUCOCTO-U3QOQD9","Enabled","NotAvailable","Set the default behavior for AutoRun","Computer Configuration/Administrative Templates/Windows Components/AutoPlay Policies"
"a63370ca-5aba-463b-b7a5-8447857e234d","EUCOCTO-U3QOQD9","Enabled","NotAvailable","Set client connection encryption level","Computer Configuration/Administrative Templates/Windows Components/Remote Desktop Services/Remote Desktop Session Host/Security"
"a63370ca-5aba-463b-b7a5-8447857e234d","EUCOCTO-U3QOQD9","Enabled","NotAvailable","Select when Quality Updates are received","Computer Configuration/Administrative Templates/Windows Components/Windows Update/Windows Update for Business"
"a63370ca-5aba-463b-b7a5-8447857e234d","EUCOCTO-U3QOQD9","Enabled","NotAvailable","Select when Preview Builds and Feature Updates are received","Computer Configuration/Administrative Templates/Windows Components/Windows Update/Windows Update for Business"
"a63370ca-5aba-463b-b7a5-8447857e234d","EUCOCTO-U3QOQD9","Enabled","NotAvailable","Specify the maximum log file size (KB)","Computer Configuration/Administrative Templates/Windows Components/Event Log Service/Application"
"a63370ca-5aba-463b-b7a5-8447857e234d","EUCOCTO-U3QOQD9","Enabled","NotAvailable","Xbox Live Game Save (XblGameSave)","Computer Configuration/Windows Settings/Security Settings/System Services"
"a63370ca-5aba-463b-b7a5-8447857e234d","EUCOCTO-U3QOQD9","Enabled","NotAvailable","Interactive logon: Smart card removal behavior","Computer Configuration/Windows Settings/Security Settings/Local Policies/Security Options"
"a63370ca-5aba-463b-b7a5-8447857e234d","EUCOCTO-U3QOQD9","Enabled","NotAvailable","Interactive logon: Machine inactivity limit","Computer Configuration/Windows Settings/Security Settings/Local Policies/Security Options"
"a63370ca-5aba-463b-b7a5-8447857e234d","EUCOCTO-U3QOQD9","Enabled","NotAvailable","Audit Other System Events","Computer Configuration/Windows Settings/Security Settings/Advanced Audit Policy Configuration/System Audit Policies - Local Group Policy Object/System"
"a63370ca-5aba-463b-b7a5-8447857e234d","EUCOCTO-U3QOQD9","Enabled","NotAvailable","Audit Other Policy Change Events","Computer Configuration/Windows Settings/Security Settings/Advanced Audit Policy Configuration/System Audit Policies - Local Group Policy Object/Policy Change"
"a63370ca-5aba-463b-b7a5-8447857e234d","EUCOCTO-U3QOQD9","Enabled","NotAvailable","Audit Other Object Access Events","Computer Configuration/Windows Settings/Security Settings/Advanced Audit Policy Configuration/System Audit Policies - Local Group Policy Object/Object Access"
"a63370ca-5aba-463b-b7a5-8447857e234d","EUCOCTO-U3QOQD9","Enabled","NotAvailable","Audit Other Logon/Logoff Events","Computer Configuration/Windows Settings/Security Settings/Advanced Audit Policy Configuration/System Audit Policies - Local Group Policy Object/Logon/Logoff"
"a63370ca-5aba-463b-b7a5-8447857e234d","EUCOCTO-U3QOQD9","Enabled","NotAvailable","Audit MPSSVC Rule-Level Policy Change","Computer Configuration/Windows Settings/Security Settings/Advanced Audit Policy Configuration/System Audit Policies - Local Group Policy Object/Policy Change"
"a63370ca-5aba-463b-b7a5-8447857e234d","EUCOCTO-U3QOQD9","Enabled","NotAvailable","Audit Logon","Computer Configuration/Windows Settings/Security Settings/Advanced Audit Policy Configuration/System Audit Policies - Local Group Policy Object/Logon/Logoff"
"a63370ca-5aba-463b-b7a5-8447857e234d","EUCOCTO-U3QOQD9","Enabled","NotAvailable","Audit Logoff","Computer Configuration/Windows Settings/Security Settings/Advanced Audit Policy Configuration/System Audit Policies - Local Group Policy Object/Logon/Logoff"
"a63370ca-5aba-463b-b7a5-8447857e234d","EUCOCTO-U3QOQD9","Enabled","NotAvailable","Audit IPsec Driver","Computer Configuration/Windows Settings/Security Settings/Advanced Audit Policy Configuration/System Audit Policies - Local Group Policy Object/System"
"a63370ca-5aba-463b-b7a5-8447857e234d","EUCOCTO-U3QOQD9","Enabled","NotAvailable","Audit Group Membership","Computer Configuration/Windows Settings/Security Settings/Advanced Audit Policy Configuration/System Audit Policies - Local Group Policy Object/Logon/Logoff"
"a63370ca-5aba-463b-b7a5-8447857e234d","EUCOCTO-U3QOQD9","Enabled","NotAvailable","Audit File Share","Computer Configuration/Windows Settings/Security Settings/Advanced Audit Policy Configuration/System Audit Policies - Local Group Policy Object/Object Access"
"a63370ca-5aba-463b-b7a5-8447857e234d","EUCOCTO-U3QOQD9","Enabled","NotAvailable","Audit Detailed File Share","Computer Configuration/Windows Settings/Security Settings/Advanced Audit Policy Configuration/System Audit Policies - Local Group Policy Object/Object Access"
"a63370ca-5aba-463b-b7a5-8447857e234d","EUCOCTO-U3QOQD9","Enabled","NotAvailable","Audit Credential Validation","Computer Configuration/Windows Settings/Security Settings/Advanced Audit Policy Configuration/System Audit Policies - Local Group Policy Object/Account Logon"
"a63370ca-5aba-463b-b7a5-8447857e234d","EUCOCTO-U3QOQD9","Enabled","NotAvailable","Audit Authorization Policy Change","Computer Configuration/Windows Settings/Security Settings/Advanced Audit Policy Configuration/System Audit Policies - Local Group Policy Object/Policy Change"
"a63370ca-5aba-463b-b7a5-8447857e234d","EUCOCTO-U3QOQD9","Enabled","NotAvailable","Audit Authentication Policy Change","Computer Configuration/Windows Settings/Security Settings/Advanced Audit Policy Configuration/System Audit Policies - Local Group Policy Object/Policy Change"
"a63370ca-5aba-463b-b7a5-8447857e234d","EUCOCTO-U3QOQD9","Enabled","NotAvailable","Audit Audit Policy Change","Computer Configuration/Windows Settings/Security Settings/Advanced Audit Policy Configuration/System Audit Policies - Local Group Policy Object/Policy Change"
"a63370ca-5aba-463b-b7a5-8447857e234d","EUCOCTO-U3QOQD9","Enabled","NotAvailable","Audit PNP Activity","Computer Configuration/Windows Settings/Security Settings/Advanced Audit Policy Configuration/System Audit Policies - Local Group Policy Object/Detailed Tracking"
"a63370ca-5aba-463b-b7a5-8447857e234d","EUCOCTO-U3QOQD9","Enabled","NotAvailable","Audit Application Group Management","Computer Configuration/Windows Settings/Security Settings/Advanced Audit Policy Configuration/System Audit Policies - Local Group Policy Object/Account Management"
"a63370ca-5aba-463b-b7a5-8447857e234d","EUCOCTO-U3QOQD9","Enabled","NotAvailable","Audit Process Creation","Computer Configuration/Windows Settings/Security Settings/Advanced Audit Policy Configuration/System Audit Policies - Local Group Policy Object/Detailed Tracking"
"a63370ca-5aba-463b-b7a5-8447857e234d","EUCOCTO-U3QOQD9","Enabled","NotAvailable","Audit Security Group Management","Computer Configuration/Windows Settings/Security Settings/Advanced Audit Policy Configuration/System Audit Policies - Local Group Policy Object/Account Management"
"a63370ca-5aba-463b-b7a5-8447857e234d","EUCOCTO-U3QOQD9","Enabled","NotAvailable","Computer Browser (Browser)","Computer Configuration/Windows Settings/Security Settings/System Services"
"a63370ca-5aba-463b-b7a5-8447857e234d","EUCOCTO-U3QOQD9","Enabled","NotAvailable","Change the time zone","Computer Configuration/Windows Settings/Security Settings/Local Policies/User Rights Assignment"
"a63370ca-5aba-463b-b7a5-8447857e234d","EUCOCTO-U3QOQD9","Enabled","NotAvailable","Change the system time","Computer Configuration/Windows Settings/Security Settings/Local Policies/User Rights Assignment"
"a63370ca-5aba-463b-b7a5-8447857e234d","EUCOCTO-U3QOQD9","Enabled","NotAvailable","Boot-Start Driver Initialization Policy","Computer Configuration/Administrative Templates/System/Early Launch Antimalware"
"a63370ca-5aba-463b-b7a5-8447857e234d","EUCOCTO-U3QOQD9","Enabled","NotAvailable","Block user from showing account details on sign-in","Computer Configuration/Administrative Templates/System/Logon"
"a63370ca-5aba-463b-b7a5-8447857e234d","EUCOCTO-U3QOQD9","Enabled","NotAvailable","Block all consumer Microsoft account user authentication","Computer Configuration/Administrative Templates/Windows Components/Microsoft account"
"a63370ca-5aba-463b-b7a5-8447857e234d","EUCOCTO-U3QOQD9","Enabled","NotAvailable","Back up files and directories","Computer Configuration/Windows Settings/Security Settings/Local Policies/User Rights Assignment"
"a63370ca-5aba-463b-b7a5-8447857e234d","EUCOCTO-U3QOQD9","Disabled","NotAvailable","Audit: Shut down system immediately if unable to log security audits","Computer Configuration/Windows Settings/Security Settings/Local Policies/Security Options"
"a63370ca-5aba-463b-b7a5-8447857e234d","EUCOCTO-U3QOQD9","Enabled","NotAvailable","Audit: Force audit policy subcategory settings (Windows Vista or later) to override audit policy category settings","Computer Configuration/Windows Settings/Security Settings/Local Policies/Security Options"
"a63370ca-5aba-463b-b7a5-8447857e234d","EUCOCTO-U3QOQD9","Enabled","NotAvailable","Audit User Account Management","Computer Configuration/Windows Settings/Security Settings/Advanced Audit Policy Configuration/System Audit Policies - Local Group Policy Object/Account Management"
"a63370ca-5aba-463b-b7a5-8447857e234d","EUCOCTO-U3QOQD9","Enabled","NotAvailable","Audit System Integrity","Computer Configuration/Windows Settings/Security Settings/Advanced Audit Policy Configuration/System Audit Policies - Local Group Policy Object/System"
"a63370ca-5aba-463b-b7a5-8447857e234d","EUCOCTO-U3QOQD9","Enabled","NotAvailable","Audit Special Logon","Computer Configuration/Windows Settings/Security Settings/Advanced Audit Policy Configuration/System Audit Policies - Local Group Policy Object/Logon/Logoff"
"a63370ca-5aba-463b-b7a5-8447857e234d","EUCOCTO-U3QOQD9","Enabled","NotAvailable","Audit Sensitive Privilege Use","Computer Configuration/Windows Settings/Security Settings/Advanced Audit Policy Configuration/System Audit Policies - Local Group Policy Object/Privilege Use"
"a63370ca-5aba-463b-b7a5-8447857e234d","EUCOCTO-U3QOQD9","Enabled","NotAvailable","Audit Security System Extension","Computer Configuration/Windows Settings/Security Settings/Advanced Audit Policy Configuration/System Audit Policies - Local Group Policy Object/System"
"a63370ca-5aba-463b-b7a5-8447857e234d","EUCOCTO-U3QOQD9","Enabled","NotAvailable","Audit Security State Change","Computer Configuration/Windows Settings/Security Settings/Advanced Audit Policy Configuration/System Audit Policies - Local Group Policy Object/System"
"a63370ca-5aba-463b-b7a5-8447857e234d","EUCOCTO-U3QOQD9","Enabled","NotAvailable","Audit Removable Storage","Computer Configuration/Windows Settings/Security Settings/Advanced Audit Policy Configuration/System Audit Policies - Local Group Policy Object/Object Access"
"a63370ca-5aba-463b-b7a5-8447857e234d","EUCOCTO-U3QOQD9","Enabled","NotAvailable","Configure Attack Surface Reduction rules","Computer Configuration/Administrative Templates/Windows Components/Windows Defender Antivirus/Windows Defender Exploit Guard/Attack Surface Reduction"
"a63370ca-5aba-463b-b7a5-8447857e234d","EUCOCTO-U3QOQD9","Enabled","NotAvailable","Audit Account Lockout","Computer Configuration/Windows Settings/Security Settings/Advanced Audit Policy Configuration/System Audit Policies - Local Group Policy Object/Logon/Logoff"
"a63370ca-5aba-463b-b7a5-8447857e234d","EUCOCTO-U3QOQD9","Enabled","NotAvailable","Always prompt for password upon connection","Computer Configuration/Administrative Templates/Windows Components/Remote Desktop Services/Remote Desktop Session Host/Security"
"a63370ca-5aba-463b-b7a5-8447857e234d","EUCOCTO-U3QOQD9","Disabled","NotAvailable","Allow Basic authentication","Computer Configuration/Administrative Templates/Windows Components/Windows Remote Management (WinRM)/WinRM Service"
"a63370ca-5aba-463b-b7a5-8447857e234d","EUCOCTO-U3QOQD9","Disabled","NotAvailable","Allow Basic authentication","Computer Configuration/Administrative Templates/Windows Components/Windows Remote Management (WinRM)/WinRM Client"
"a63370ca-5aba-463b-b7a5-8447857e234d","EUCOCTO-U3QOQD9","Enabled","NotAvailable","Adjust memory quotas for a process","Computer Configuration/Windows Settings/Security Settings/Local Policies/User Rights Assignment"
"a63370ca-5aba-463b-b7a5-8447857e234d","EUCOCTO-U3QOQD9","Enabled","NotAvailable","Act as part of the operating system","Computer Configuration/Windows Settings/Security Settings/Local Policies/User Rights Assignment"
"a63370ca-5aba-463b-b7a5-8447857e234d","EUCOCTO-U3QOQD9","Enabled","NotAvailable","Accounts: Rename guest account","Computer Configuration/Windows Settings/Security Settings/Local Policies/Security Options"
"a63370ca-5aba-463b-b7a5-8447857e234d","EUCOCTO-U3QOQD9","Enabled","NotAvailable","Accounts: Rename administrator account","Computer Configuration/Windows Settings/Security Settings/Local Policies/Security Options"
"a63370ca-5aba-463b-b7a5-8447857e234d","EUCOCTO-U3QOQD9","Enabled","NotAvailable","Accounts: Limit local account use of blank passwords to console logon only","Computer Configuration/Windows Settings/Security Settings/Local Policies/Security Options"
"a63370ca-5aba-463b-b7a5-8447857e234d","EUCOCTO-U3QOQD9","Disabled","NotAvailable","Accounts: Guest account status","Computer Configuration/Windows Settings/Security Settings/Local Policies/Security Options"
"a63370ca-5aba-463b-b7a5-8447857e234d","EUCOCTO-U3QOQD9","Enabled","NotAvailable","Accounts: Block Microsoft accounts","Computer Configuration/Windows Settings/Security Settings/Local Policies/Security Options"
"a63370ca-5aba-463b-b7a5-8447857e234d","EUCOCTO-U3QOQD9","Disabled","NotAvailable","Accounts: Administrator account status","Computer Configuration/Windows Settings/Security Settings/Local Policies/Security Options"
"a63370ca-5aba-463b-b7a5-8447857e234d","EUCOCTO-U3QOQD9","Enabled","NotAvailable","Account lockout threshold","Computer Configuration/Windows Settings/Security Settings/Account Policies/Account Lockout Policy"
"a63370ca-5aba-463b-b7a5-8447857e234d","EUCOCTO-U3QOQD9","Enabled","NotAvailable","Account lockout duration","Computer Configuration/Windows Settings/Security Settings/Account Policies/Account Lockout Policy"
"a63370ca-5aba-463b-b7a5-8447857e234d","EUCOCTO-U3QOQD9","Enabled","NotAvailable","Access this computer from the network","Computer Configuration/Windows Settings/Security Settings/Local Policies/User Rights Assignment"
"a63370ca-5aba-463b-b7a5-8447857e234d","EUCOCTO-U3QOQD9","Enabled","NotAvailable","Access Credential Manager as a trusted caller","Computer Configuration/Windows Settings/Security Settings/Local Policies/User Rights Assignment"
"e4047b67-8f57-4699-a99e-898a2fa9e22b","EUCOCTO-OU90U4T","Disabled","NonCompliant","Accounts: Administrator account status","Computer Configuration/Windows Settings/Security Settings/Local Policies/Security Options"
"a63370ca-5aba-463b-b7a5-8447857e234d","EUCOCTO-U3QOQD9","Disabled","NotAvailable","Allow Cortana","Computer Configuration/Administrative Templates/Windows Components/Search"
"a63370ca-5aba-463b-b7a5-8447857e234d","EUCOCTO-U3QOQD9","Enabled","NotAvailable","Apply UAC restrictions to local accounts on network logons","Computer Configuration/Administrative Templates/MS Security Guide"
"a63370ca-5aba-463b-b7a5-8447857e234d","EUCOCTO-U3QOQD9","Disabled","NotAvailable","Allow Cortana above lock screen","Computer Configuration/Administrative Templates/Windows Components/Search"
"a63370ca-5aba-463b-b7a5-8447857e234d","EUCOCTO-U3QOQD9","Enabled","NotAvailable","Allow log on locally","Computer Configuration/Windows Settings/Security Settings/Local Policies/User Rights Assignment"
"a63370ca-5aba-463b-b7a5-8447857e234d","EUCOCTO-U3QOQD9","Disabled","NotAvailable","Always install with elevated privileges","User Configuration/Administrative Templates/Windows Components/Windows Installer"
"a63370ca-5aba-463b-b7a5-8447857e234d","EUCOCTO-U3QOQD9","Disabled","NotAvailable","Always install with elevated privileges","Computer Configuration/Administrative Templates/Windows Components/Windows Installer"
"a63370ca-5aba-463b-b7a5-8447857e234d","EUCOCTO-U3QOQD9","Disabled","NotAvailable","Allow Windows to automatically connect to suggested open hotspots, to networks shared by contacts, and to hotspots offering paid services","Computer Configuration/Administrative Templates/Network/WLAN Service/WLAN Settings"
"a63370ca-5aba-463b-b7a5-8447857e234d","EUCOCTO-U3QOQD9","Enabled","NotAvailable","Allow Windows Ink Workspace","Computer Configuration/Administrative Templates/Windows Components/Windows Ink Workspace"
"a63370ca-5aba-463b-b7a5-8447857e234d","EUCOCTO-U3QOQD9","Disabled","NotAvailable","Allow users to enable online speech recognition services","Computer Configuration/Administrative Templates/Control Panel/Regional and Language Options"
"a63370ca-5aba-463b-b7a5-8447857e234d","EUCOCTO-U3QOQD9","Disabled","NotAvailable","Allow user control over installs","Computer Configuration/Administrative Templates/Windows Components/Windows Installer"
"a63370ca-5aba-463b-b7a5-8447857e234d","EUCOCTO-U3QOQD9","Disabled","NotAvailable","Allow unencrypted traffic","Computer Configuration/Administrative Templates/Windows Components/Windows Remote Management (WinRM)/WinRM Service"
"a63370ca-5aba-463b-b7a5-8447857e234d","EUCOCTO-U3QOQD9","Disabled","NotAvailable","Allow unencrypted traffic","Computer Configuration/Administrative Templates/Windows Components/Windows Remote Management (WinRM)/WinRM Client"
"a63370ca-5aba-463b-b7a5-8447857e234d","EUCOCTO-U3QOQD9","Enabled","NotAvailable","Allow Telemetry","Computer Configuration/Administrative Templates/Windows Components/Data Collection and Preview Builds"
"a63370ca-5aba-463b-b7a5-8447857e234d","EUCOCTO-U3QOQD9","Disabled","NotAvailable","Allow Sideloading of extension","Computer Configuration/Administrative Templates/Windows Components/Microsoft Edge"
"a63370ca-5aba-463b-b7a5-8447857e234d","EUCOCTO-U3QOQD9","Disabled","NotAvailable","Allow search and Cortana to use location","Computer Configuration/Administrative Templates/Windows Components/Search"
"a63370ca-5aba-463b-b7a5-8447857e234d","EUCOCTO-U3QOQD9","Disabled","NotAvailable","Allow network connectivity during connected-standby (plugged in)","Computer Configuration/Administrative Templates/System/Power Management/Sleep Settings"
"a63370ca-5aba-463b-b7a5-8447857e234d","EUCOCTO-U3QOQD9","Disabled","NotAvailable","Allow network connectivity during connected-standby (on battery)","Computer Configuration/Administrative Templates/System/Power Management/Sleep Settings"
"a63370ca-5aba-463b-b7a5-8447857e234d","EUCOCTO-U3QOQD9","Enabled","NotAvailable","Allow Microsoft accounts to be optional","Computer Configuration/Administrative Templates/Windows Components/App runtime"
"a63370ca-5aba-463b-b7a5-8447857e234d","EUCOCTO-U3QOQD9","Enabled","NotAvailable","Allow log on through Remote Desktop Services","Computer Configuration/Windows Settings/Security Settings/Local Policies/User Rights Assignment"
"a63370ca-5aba-463b-b7a5-8447857e234d","EUCOCTO-U3QOQD9","Disabled","NotAvailable","Allow indexing of encrypted files","Computer Configuration/Administrative Templates/Windows Components/Search"
"a63370ca-5aba-463b-b7a5-8447857e234d","EUCOCTO-U3QOQD9","Enabled","NotAvailable","Configure Automatic Updates","Computer Configuration/Administrative Templates/Windows Components/Windows Update"
"a63370ca-5aba-463b-b7a5-8447857e234d","EUCOCTO-U3QOQD9","Enabled","NotAvailable","Configure cookies","Computer Configuration/Administrative Templates/Windows Components/Microsoft Edge"
"a63370ca-5aba-463b-b7a5-8447857e234d","EUCOCTO-U3QOQD9","Enabled","NotAvailable","Configure detection for potentially unwanted applications","Computer Configuration/Administrative Templates/Windows Components/Windows Defender Antivirus"
"a63370ca-5aba-463b-b7a5-8447857e234d","EUCOCTO-U3QOQD9","Enabled","NotAvailable","Enable RPC Endpoint Mapper Client Authentication","Computer Configuration/Administrative Templates/System/Remote Procedure Call"
"a63370ca-5aba-463b-b7a5-8447857e234d","EUCOCTO-U3QOQD9","Enabled","NotAvailable","Enable local admin password management","Computer Configuration/Administrative Templates/LAPS"
"a63370ca-5aba-463b-b7a5-8447857e234d","EUCOCTO-U3QOQD9","Disabled","NotAvailable","Enable insecure guest logons","Computer Configuration/Administrative Templates/Network/Lanman Workstation"
"a63370ca-5aba-463b-b7a5-8447857e234d","EUCOCTO-U3QOQD9","Enabled","NotAvailable","Enable computer and user accounts to be trusted for delegation","Computer Configuration/Windows Settings/Security Settings/Local Policies/User Rights Assignment"
"a63370ca-5aba-463b-b7a5-8447857e234d","EUCOCTO-U3QOQD9","Enabled","NotAvailable","Download Mode","Computer Configuration/Administrative Templates/Windows Components/Delivery Optimization"
"a63370ca-5aba-463b-b7a5-8447857e234d","EUCOCTO-U3QOQD9","Enabled","NotAvailable","Domain member: Require strong (Windows 2000 or later) session key","Computer Configuration/Windows Settings/Security Settings/Local Policies/Security Options"
"a63370ca-5aba-463b-b7a5-8447857e234d","EUCOCTO-U3QOQD9","Enabled","NotAvailable","Domain member: Maximum machine account password age","Computer Configuration/Windows Settings/Security Settings/Local Policies/Security Options"
"a63370ca-5aba-463b-b7a5-8447857e234d","EUCOCTO-U3QOQD9","Disabled","NotAvailable","Domain member: Disable machine account password changes","Computer Configuration/Windows Settings/Security Settings/Local Policies/Security Options"
"a63370ca-5aba-463b-b7a5-8447857e234d","EUCOCTO-U3QOQD9","Enabled","NotAvailable","Domain member: Digitally sign secure channel data (when possible)","Computer Configuration/Windows Settings/Security Settings/Local Policies/Security Options"
"a63370ca-5aba-463b-b7a5-8447857e234d","EUCOCTO-U3QOQD9","Enabled","NotAvailable","Domain member: Digitally encrypt secure channel data (when possible)","Computer Configuration/Windows Settings/Security Settings/Local Policies/Security Options"
"a63370ca-5aba-463b-b7a5-8447857e234d","EUCOCTO-U3QOQD9","Enabled","NotAvailable","Domain member: Digitally encrypt or sign secure channel data (always)","Computer Configuration/Windows Settings/Security Settings/Local Policies/Security Options"
"a63370ca-5aba-463b-b7a5-8447857e234d","EUCOCTO-U3QOQD9","Disabled","NotAvailable","Do not use temporary folders per session","Computer Configuration/Administrative Templates/Windows Components/Remote Desktop Services/Remote Desktop Session Host/Temporary folders"
"a63370ca-5aba-463b-b7a5-8447857e234d","EUCOCTO-U3QOQD9","Enabled","NotAvailable","Do not suggest third-party content in Windows spotlight","User Configuration/Administrative Templates/Windows Components/Cloud Content"
"a63370ca-5aba-463b-b7a5-8447857e234d","EUCOCTO-U3QOQD9","Enabled","NotAvailable","Do not show feedback notifications","Computer Configuration/Administrative Templates/Windows Components/Data Collection and Preview Builds"
"a63370ca-5aba-463b-b7a5-8447857e234d","EUCOCTO-U3QOQD9","Disabled","NotAvailable","Do not preserve zone information in file attachments","User Configuration/Administrative Templates/Windows Components/Attachment Manager"
"a63370ca-5aba-463b-b7a5-8447857e234d","EUCOCTO-U3QOQD9","Enabled","NotAvailable","Enable screen saver","User Configuration/Administrative Templates/Control Panel/Personalization"
"a63370ca-5aba-463b-b7a5-8447857e234d","EUCOCTO-U3QOQD9","Enabled","NotAvailable","Do not enumerate connected users on domain-joined computers","Computer Configuration/Administrative Templates/System/Logon"
"a63370ca-5aba-463b-b7a5-8447857e234d","EUCOCTO-U3QOQD9","Enabled","NotAvailable","Enable Structured Exception Handling Overwrite Protection (SEHOP)","Computer Configuration/Administrative Templates/MS Security Guide"
"a63370ca-5aba-463b-b7a5-8447857e234d","EUCOCTO-U3QOQD9","Enabled","NotAvailable","Encryption Oracle Remediation","Computer Configuration/Administrative Templates/System/Credentials Delegation"
"a63370ca-5aba-463b-b7a5-8447857e234d","EUCOCTO-U3QOQD9","Enabled","NotAvailable","Interactive logon: Don't display last signed in","Computer Configuration/Windows Settings/Security Settings/Local Policies/Security Options"
"a63370ca-5aba-463b-b7a5-8447857e234d","EUCOCTO-U3QOQD9","Disabled","NotAvailable","Interactive logon: Do not require CTRL+ALT+DEL","Computer Configuration/Windows Settings/Security Settings/Local Policies/Security Options"
"a63370ca-5aba-463b-b7a5-8447857e234d","EUCOCTO-U3QOQD9","Enabled","NotAvailable","Infrared monitor service (irmon)","Computer Configuration/Windows Settings/Security Settings/System Services"
"a63370ca-5aba-463b-b7a5-8447857e234d","EUCOCTO-U3QOQD9","Enabled","NotAvailable","Increase scheduling priority","Computer Configuration/Windows Settings/Security Settings/Local Policies/User Rights Assignment"
"a63370ca-5aba-463b-b7a5-8447857e234d","EUCOCTO-U3QOQD9","Disabled","NotAvailable","Include command line in process creation events","Computer Configuration/Administrative Templates/System/Audit Process Creation"
"a63370ca-5aba-463b-b7a5-8447857e234d","EUCOCTO-U3QOQD9","Enabled","NotAvailable","Impersonate a client after authentication","Computer Configuration/Windows Settings/Security Settings/Local Policies/User Rights Assignment"
"a63370ca-5aba-463b-b7a5-8447857e234d","EUCOCTO-U3QOQD9","Enabled","NotAvailable","IIS Admin Service (IISADMIN)","Computer Configuration/Windows Settings/Security Settings/System Services"
"a63370ca-5aba-463b-b7a5-8447857e234d","EUCOCTO-U3QOQD9","Enabled","NotAvailable","Hide Network Locations icon on desktop","User Configuration/Administrative Templates/Desktop"
"a63370ca-5aba-463b-b7a5-8447857e234d","EUCOCTO-U3QOQD9","Enabled","NotAvailable","Hardened UNC Paths","Computer Configuration/Administrative Templates/Network/Network Provider"
"a63370ca-5aba-463b-b7a5-8447857e234d","EUCOCTO-U3QOQD9","Enabled","NotAvailable","Generate security audits","Computer Configuration/Windows Settings/Security Settings/Local Policies/User Rights Assignment"
"a63370ca-5aba-463b-b7a5-8447857e234d","EUCOCTO-U3QOQD9","Enabled","NotAvailable","Force specific screen saver","User Configuration/Administrative Templates/Control Panel/Personalization"
"a63370ca-5aba-463b-b7a5-8447857e234d","EUCOCTO-U3QOQD9","Enabled","NotAvailable","Force shutdown from a remote system","Computer Configuration/Windows Settings/Security Settings/Local Policies/User Rights Assignment"
"a63370ca-5aba-463b-b7a5-8447857e234d","EUCOCTO-U3QOQD9","Disabled","NotAvailable","Enumerate local users on domain-joined computers","Computer Configuration/Administrative Templates/System/Logon"
"a63370ca-5aba-463b-b7a5-8447857e234d","EUCOCTO-U3QOQD9","Disabled","NotAvailable","Enumerate administrator accounts on elevation","Computer Configuration/Administrative Templates/Windows Components/Credential User Interface"
"a63370ca-5aba-463b-b7a5-8447857e234d","EUCOCTO-U3QOQD9","Enabled","NotAvailable","Enforce password history","Computer Configuration/Windows Settings/Security Settings/Account Policies/Password Policy"
"a63370ca-5aba-463b-b7a5-8447857e234d","EUCOCTO-U3QOQD9","Disabled","NotAvailable","Enables or disables Windows Game Recording and Broadcasting","Computer Configuration/Administrative Templates/Windows Components/Windows Game Recording and Broadcasting"
"a63370ca-5aba-463b-b7a5-8447857e234d","EUCOCTO-U3QOQD9","Enabled","NotAvailable","Do not display the password reveal button","Computer Configuration/Administrative Templates/Windows Components/Credential User Interface"
"a63370ca-5aba-463b-b7a5-8447857e234d","EUCOCTO-U3QOQD9","Enabled","NotAvailable","Do not display network selection UI","Computer Configuration/Administrative Templates/System/Logon"
"a63370ca-5aba-463b-b7a5-8447857e234d","EUCOCTO-U3QOQD9","Disabled","NotAvailable","Do not delete temp folders upon exit","Computer Configuration/Administrative Templates/Windows Components/Remote Desktop Services/Remote Desktop Session Host/Temporary folders"
"a63370ca-5aba-463b-b7a5-8447857e234d","EUCOCTO-U3QOQD9","Disabled","NotAvailable","Control Event Log behavior when the log file reaches its maximum size","Computer Configuration/Administrative Templates/Windows Components/Event Log Service/Security"
"a63370ca-5aba-463b-b7a5-8447857e234d","EUCOCTO-U3QOQD9","Disabled","NotAvailable","Control Event Log behavior when the log file reaches its maximum size","Computer Configuration/Administrative Templates/Windows Components/Event Log Service/Application"
"a63370ca-5aba-463b-b7a5-8447857e234d","EUCOCTO-U3QOQD9","Disabled","NotAvailable","Continue experiences on this device","Computer Configuration/Administrative Templates/System/Group Policy"
"a63370ca-5aba-463b-b7a5-8447857e234d","EUCOCTO-U3QOQD9","Disabled","NotAvailable","Configure Windows spotlight on lock screen","User Configuration/Administrative Templates/Windows Components/Cloud Content"
"a63370ca-5aba-463b-b7a5-8447857e234d","EUCOCTO-U3QOQD9","Enabled","NotAvailable","Configure Windows Defender SmartScreen","Computer Configuration/Administrative Templates/Windows Components/Windows Defender SmartScreen/Microsoft Edge"
"a63370ca-5aba-463b-b7a5-8447857e234d","EUCOCTO-U3QOQD9","Enabled","NotAvailable","Configure Windows Defender SmartScreen","Computer Configuration/Administrative Templates/Windows Components/Windows Defender SmartScreen/Explorer"
"a63370ca-5aba-463b-b7a5-8447857e234d","EUCOCTO-U3QOQD9","Enabled","NotAvailable","Configure the Adobe Flash Click-to-Run setting","Computer Configuration/Administrative Templates/Windows Components/Microsoft Edge"
"a63370ca-5aba-463b-b7a5-8447857e234d","EUCOCTO-U3QOQD9","Disabled","NotAvailable","Configure Solicited Remote Assistance","Computer Configuration/Administrative Templates/System/Remote Assistance"
"a63370ca-5aba-463b-b7a5-8447857e234d","EUCOCTO-U3QOQD9","Disabled","NotAvailable","Configure SMB v1 server","Computer Configuration/Administrative Templates/MS Security Guide"
"a63370ca-5aba-463b-b7a5-8447857e234d","EUCOCTO-U3QOQD9","Enabled","NotAvailable","Configure SMB v1 client driver","Computer Configuration/Administrative Templates/MS Security Guide"
"a63370ca-5aba-463b-b7a5-8447857e234d","EUCOCTO-U3QOQD9","Enabled","NotAvailable","Configure registry policy processing","Computer Configuration/Administrative Templates/System/Group Policy"
"a63370ca-5aba-463b-b7a5-8447857e234d","EUCOCTO-U3QOQD9","Disabled","NotAvailable","Configure Password Manager","Computer Configuration/Administrative Templates/Windows Components/Microsoft Edge"
"a63370ca-5aba-463b-b7a5-8447857e234d","EUCOCTO-U3QOQD9","Disabled","NotAvailable","Configure Offer Remote Assistance","Computer Configuration/Administrative Templates/System/Remote Assistance"
"a63370ca-5aba-463b-b7a5-8447857e234d","EUCOCTO-U3QOQD9","Disabled","NotAvailable","Configure local setting override for reporting to Microsoft MAPS","Computer Configuration/Administrative Templates/Windows Components/Windows Defender Antivirus/MAPS"
"a63370ca-5aba-463b-b7a5-8447857e234d","EUCOCTO-U3QOQD9","Enabled","NotAvailable","Configure enhanced anti-spoofing","Computer Configuration/Administrative Templates/Windows Components/Biometrics/Facial Features"
"a63370ca-5aba-463b-b7a5-8447857e234d","EUCOCTO-U3QOQD9","Disabled","NotAvailable","Control Event Log behavior when the log file reaches its maximum size","Computer Configuration/Administrative Templates/Windows Components/Event Log Service/Setup"
"a63370ca-5aba-463b-b7a5-8447857e234d","EUCOCTO-U3QOQD9","Disabled","NotAvailable","Control Event Log behavior when the log file reaches its maximum size","Computer Configuration/Administrative Templates/Windows Components/Event Log Service/System"
"a63370ca-5aba-463b-b7a5-8447857e234d","EUCOCTO-U3QOQD9","Enabled","NotAvailable","Create a pagefile","Computer Configuration/Windows Settings/Security Settings/Local Policies/User Rights Assignment"
"a63370ca-5aba-463b-b7a5-8447857e234d","EUCOCTO-U3QOQD9","Enabled","NotAvailable","Create a token object","Computer Configuration/Windows Settings/Security Settings/Local Policies/User Rights Assignment"
"a63370ca-5aba-463b-b7a5-8447857e234d","EUCOCTO-U3QOQD9","Enabled","NotAvailable","Do not allow passwords to be saved","Computer Configuration/Administrative Templates/Windows Components/Remote Desktop Services/Remote Desktop Connection Client"
"a63370ca-5aba-463b-b7a5-8447857e234d","EUCOCTO-U3QOQD9","Enabled","NotAvailable","Do not allow password expiration time longer than required by policy","Computer Configuration/Administrative Templates/LAPS"
"a63370ca-5aba-463b-b7a5-8447857e234d","EUCOCTO-U3QOQD9","Enabled","NotAvailable","Do not allow drive redirection","Computer Configuration/Administrative Templates/Windows Components/Remote Desktop Services/Remote Desktop Session Host/Device and Resource Redirection"
"a63370ca-5aba-463b-b7a5-8447857e234d","EUCOCTO-U3QOQD9","Enabled","NotAvailable","Disallow WinRM from storing RunAs credentials","Computer Configuration/Administrative Templates/Windows Components/Windows Remote Management (WinRM)/WinRM Service"
"a63370ca-5aba-463b-b7a5-8447857e234d","EUCOCTO-U3QOQD9","Enabled","NotAvailable","Disallow Digest authentication","Computer Configuration/Administrative Templates/Windows Components/Windows Remote Management (WinRM)/WinRM Client"
"a63370ca-5aba-463b-b7a5-8447857e234d","EUCOCTO-U3QOQD9","Enabled","NotAvailable","Disallow Autoplay for non-volume devices","Computer Configuration/Administrative Templates/Windows Components/AutoPlay Policies"
"a63370ca-5aba-463b-b7a5-8447857e234d","EUCOCTO-U3QOQD9","Enabled","NotAvailable","Devices: Allowed to format and eject removable media","Computer Configuration/Windows Settings/Security Settings/Local Policies/Security Options"
"a63370ca-5aba-463b-b7a5-8447857e234d","EUCOCTO-U3QOQD9","Enabled","NotAvailable","Interactive logon: Prompt user to change password before expiration","Computer Configuration/Windows Settings/Security Settings/Local Policies/Security Options"
"a63370ca-5aba-463b-b7a5-8447857e234d","EUCOCTO-U3QOQD9","Enabled","NotAvailable","Deny log on through Remote Desktop Services","Computer Configuration/Windows Settings/Security Settings/Local Policies/User Rights Assignment"
"a63370ca-5aba-463b-b7a5-8447857e234d","EUCOCTO-U3QOQD9","Enabled","NotAvailable","Deny log on as a service","Computer Configuration/Windows Settings/Security Settings/Local Policies/User Rights Assignment"
"a63370ca-5aba-463b-b7a5-8447857e234d","EUCOCTO-U3QOQD9","Enabled","NotAvailable","Deny log on as a batch job","Computer Configuration/Windows Settings/Security Settings/Local Policies/User Rights Assignment"
"a63370ca-5aba-463b-b7a5-8447857e234d","EUCOCTO-U3QOQD9","Enabled","NotAvailable","Deny access to this computer from the network","Computer Configuration/Windows Settings/Security Settings/Local Policies/User Rights Assignment"
"a63370ca-5aba-463b-b7a5-8447857e234d","EUCOCTO-U3QOQD9","Enabled","NotAvailable","Debug programs","Computer Configuration/Windows Settings/Security Settings/Local Policies/User Rights Assignment"
"a63370ca-5aba-463b-b7a5-8447857e234d","EUCOCTO-U3QOQD9","Enabled","NotAvailable","Create symbolic links","Computer Configuration/Windows Settings/Security Settings/Local Policies/User Rights Assignment"
"a63370ca-5aba-463b-b7a5-8447857e234d","EUCOCTO-U3QOQD9","Enabled","NotAvailable","Create permanent shared objects","Computer Configuration/Windows Settings/Security Settings/Local Policies/User Rights Assignment"
"a63370ca-5aba-463b-b7a5-8447857e234d","EUCOCTO-U3QOQD9","Enabled","NotAvailable","Create global objects","Computer Configuration/Windows Settings/Security Settings/Local Policies/User Rights Assignment"
"a63370ca-5aba-463b-b7a5-8447857e234d","EUCOCTO-U3QOQD9","Enabled","NotAvailable","Deny log on locally","Computer Configuration/Windows Settings/Security Settings/Local Policies/User Rights Assignment"
"a63370ca-5aba-463b-b7a5-8447857e234d","EUCOCTO-U3QOQD9","Enabled","NotAvailable","Xbox Live Networking Service (XboxNetApiSvc)","Computer Configuration/Windows Settings/Security Settings/System Services"
